{
  "name": "custom_villages:custom_villages/village_swamp/zombie/house_plants",
  "fallback": "minecraft:empty",
  "elements": [
  {
      "weight": 60,
      "element": {
        "location": "custom_villages:village_swamp/zombie/house_plants/potted_oak_sapling",
        "processors": "custom_villages:zombie_swamp",
        "projection": "rigid",
        "element_type": "minecraft:single_pool_element"
      }
    },
  {
      "weight": 50,
      "element": {
        "location": "custom_villages:village_swamp/zombie/house_plants/potted_blue_orchid",
        "processors": "custom_villages:zombie_swamp",
        "projection": "rigid",
        "element_type": "minecraft:single_pool_element"
      }
    },
    {
      "weight": 30,
      "element": {
        "location": "custom_villages:village_swamp/zombie/house_plants/potted_brown_mushroom",
        "processors": "custom_villages:zombie_swamp",
        "projection": "rigid",
        "element_type": "minecraft:single_pool_element"
      }
    }, 
  {
      "weight": 5,
      "element": {
        "location": "custom_villages:village_swamp/zombie/house_plants/potted_red_mushroom",
        "processors": "custom_villages:zombie_swamp",
        "projection": "rigid",
        "element_type": "minecraft:single_pool_element"
      }
    },
  {
      "weight": 1,
      "element": {
        "location": "custom_villages:village_swamp/zombie/house_plants/potted_mangrove_propagule",
        "processors": "custom_villages:zombie_swamp",
        "projection": "rigid",
        "element_type": "minecraft:single_pool_element"
      }
    }
  ]
}