{
  "name": "custom_villages:custom_villages/village_swamp/zombie/houses",
  "fallback": "custom_villages:custom_villages/village_swamp/terminators",
  "elements": [
    {
      "weight": 1,
      "element": {
        "location": "custom_villages:village_swamp/zombie/houses/swamp_animal_pen_1",
        "processors": "custom_villages:zombie_swamp",
        "projection": "rigid",
        "element_type": "minecraft:single_pool_element"
      }
    },
    {
      "weight": 1,
      "element": {
        "location": "custom_villages:village_swamp/zombie/houses/swamp_animal_pen_2",
        "processors": "custom_villages:zombie_swamp",
        "projection": "rigid",
        "element_type": "minecraft:single_pool_element"
      }
    },
    {
      "weight": 1,
      "element": {
        "location": "custom_villages:village_swamp/zombie/houses/swamp_animal_pen_3",
        "processors": "custom_villages:zombie_swamp",
        "projection": "rigid",
        "element_type": "minecraft:single_pool_element"
      }
    },
	  {
      "weight": 11,
      "element": {
        "location": "custom_villages:village_swamp/zombie/houses/swamp_small_house_1",
        "processors": "custom_villages:zombie_swamp",
        "projection": "rigid",
        "element_type": "minecraft:single_pool_element"
      }
    },
	{
      "weight": 11,
      "element": {
        "location": "custom_villages:village_swamp/zombie/houses/swamp_small_house_2",
        "processors": "custom_villages:zombie_swamp",
        "projection": "rigid",
        "element_type": "minecraft:single_pool_element"
      }
    },
	{
      "weight": 11,
      "element": {
        "location": "custom_villages:village_swamp/zombie/houses/swamp_small_house_3",
        "processors": "custom_villages:zombie_swamp",
        "projection": "rigid",
        "element_type": "minecraft:single_pool_element"
      }
    },
	{
      "weight": 10,
      "element": {
        "location": "custom_villages:village_swamp/zombie/houses/swamp_medium_house_1",
        "processors": "custom_villages:zombie_swamp",
        "projection": "rigid",
        "element_type": "minecraft:single_pool_element"
      }
    },
	{
      "weight": 10,
      "element": {
        "location": "custom_villages:village_swamp/zombie/houses/swamp_medium_house_2",
        "processors": "custom_villages:zombie_swamp",
        "projection": "rigid",
        "element_type": "minecraft:single_pool_element"
      }
    },
	{
      "weight": 8,
      "element": {
        "location": "custom_villages:village_swamp/zombie/houses/swamp_big_house_1",
        "processors": "custom_villages:zombie_swamp",
        "projection": "rigid",
        "element_type": "minecraft:single_pool_element"
      }
    },
	{
      "weight": 8,
      "element": {
        "location": "custom_villages:village_swamp/zombie/houses/swamp_big_house_2",
        "processors": "custom_villages:zombie_swamp",
        "projection": "rigid",
        "element_type": "minecraft:single_pool_element"
      }
    },
	{
      "weight": 4,
      "element": {
        "location": "custom_villages:village_swamp/zombie/houses/swamp_big_house_3",
        "processors": "custom_villages:zombie_swamp",
        "projection": "rigid",
        "element_type": "minecraft:single_pool_element"
      }
    },
  {
      "weight": 5,
      "element": {
        "location": "custom_villages:village_swamp/zombie/houses/swamp_butcher_shop_1",
        "processors": "custom_villages:zombie_swamp",
        "projection": "rigid",
        "element_type": "minecraft:single_pool_element"
      }
    },
  {
      "weight": 2,
      "element": {
        "location": "custom_villages:village_swamp/zombie/houses/swamp_armorer_shop_1",
        "processors": "custom_villages:zombie_swamp",
        "projection": "rigid",
        "element_type": "minecraft:single_pool_element"
      }
    },
	{
      "weight": 3,
      "element": {
        "location": "custom_villages:village_swamp/zombie/houses/swamp_cartographer_1",
        "processors": "custom_villages:zombie_swamp",
        "projection": "rigid",
        "element_type": "minecraft:single_pool_element"
      }
    },
	{
      "weight": 5,
      "element": {
        "location": "custom_villages:village_swamp/zombie/houses/swamp_cleric_1",
        "processors": "custom_villages:zombie_swamp",
        "projection": "rigid",
        "element_type": "minecraft:single_pool_element"
      }
    },
	{
      "weight": 7,
      "element": {
        "location": "custom_villages:village_swamp/zombie/houses/swamp_small_farm_1",
        "processors": "custom_villages:zombie_swamp",
        "projection": "rigid",
        "element_type": "minecraft:single_pool_element"
      }
    },
  {
      "weight": 5,
      "element": {
        "location": "custom_villages:village_swamp/zombie/houses/swamp_tannery_1",
        "processors": "custom_villages:zombie_swamp",
        "projection": "rigid",
        "element_type": "minecraft:single_pool_element"
      }
    },
  {
      "weight": 6,
      "element": {
        "location": "custom_villages:village_swamp/zombie/houses/swamp_fisher_cottage_1",
        "processors": "custom_villages:zombie_swamp",
        "projection": "rigid",
        "element_type": "minecraft:single_pool_element"
      }
    },
  {
      "weight": 7,
      "element": {
        "location": "custom_villages:village_swamp/zombie/houses/swamp_fletcher_house_1",
        "processors": "custom_villages:zombie_swamp",
        "projection": "rigid",
        "element_type": "minecraft:single_pool_element"
      }
    },
  {
      "weight": 7,
      "element": {
        "location": "custom_villages:village_swamp/zombie/houses/swamp_small_library_1",
        "processors": "custom_villages:zombie_swamp",
        "projection": "rigid",
        "element_type": "minecraft:single_pool_element"
      }
    },
  {
      "weight": 5,
      "element": {
        "location": "custom_villages:village_swamp/zombie/houses/swamp_masons_house_1",
        "processors": "custom_villages:zombie_swamp",
        "projection": "rigid",
        "element_type": "minecraft:single_pool_element"
      }
    },
  {
      "weight": 7,
      "element": {
        "location": "custom_villages:village_swamp/zombie/houses/swamp_shepherds_house_1",
        "processors": "custom_villages:zombie_swamp",
        "projection": "rigid",
        "element_type": "minecraft:single_pool_element"
      }
    },
  {
      "weight": 6,
      "element": {
        "location": "custom_villages:village_swamp/zombie/houses/swamp_tool_smith_1",
        "processors": "custom_villages:zombie_swamp",
        "projection": "rigid",
        "element_type": "minecraft:single_pool_element"
      }
    },
  {
      "weight": 1,
      "element": {
        "location": "custom_villages:village_swamp/zombie/houses/swamp_weaponsmith_1",
        "processors": "custom_villages:zombie_swamp",
        "projection": "rigid",
        "element_type": "minecraft:single_pool_element"
      }
    }
  ]
}