{
  "name": "custom_villages:custom_villages/village_swamp/street_decorations",
  "fallback": "custom_villages:custom_villages/village_swamp/terminators",
  "elements": [
  {
      "weight": 1,
      "element": {
        "location": "custom_villages:village_swamp/street_decorations/flower_garden",
        "processors": "minecraft:empty",
        "projection": "rigid",
        "element_type": "minecraft:legacy_single_pool_element"
      }
    },
	{
      "weight": 2,
      "element": {
        "location": "custom_villages:village_swamp/street_decorations/hay_bale_pile",
        "processors": "minecraft:empty",
        "projection": "rigid",
        "element_type": "minecraft:legacy_single_pool_element"
      }
    },
	{
      "weight": 2,
      "element": {
        "location": "custom_villages:village_swamp/street_decorations/mud_pile",
        "processors": "minecraft:empty",
        "projection": "rigid",
        "element_type": "minecraft:legacy_single_pool_element"
      }
    },
  {
      "weight": 2,
      "element": {
        "location": "custom_villages:village_swamp/street_decorations/mud_bricks_pile",
        "processors": "minecraft:empty",
        "projection": "rigid",
        "element_type": "minecraft:legacy_single_pool_element"
      }
    },
  {
      "weight": 3,
      "element": {
        "location": "custom_villages:village_swamp/street_decorations/swamp_street_lamp",
        "processors": "minecraft:empty",
        "projection": "rigid",
        "element_type": "minecraft:legacy_single_pool_element"
      }
    }
  ]
}