{
  "processors": [
    {
      "rules": [
        {
          "output_state": {
            "Name": "minecraft:air"
          },
          "input_predicate": {
            "tag": "custom_villages:replaceable_blocks_with_air",
            "predicate_type": "minecraft:tag_match"
          },
          "location_predicate": {
            "predicate_type": "minecraft:always_true"
          }
        },
        {
          "output_state": {
            "Name": "minecraft:potted_dead_bush"
          },
          "input_predicate": {
            "tag": "custom_villages:house_flowers_decay",
            "probability": 0.97,
            "predicate_type": "minecraft:tag_match"
          },
          "location_predicate": {
            "predicate_type": "minecraft:always_true"
          }
        },
        {
          "output_state": {
            "Name": "minecraft:mossy_cobblestone_wall"
          },
          "input_predicate": {
            "block": "minecraft:cobblestone_wall",
            "probability": 0.8,
            "predicate_type": "minecraft:random_block_match"
          },
          "location_predicate": {
            "predicate_type": "minecraft:always_true"
          }
        },
        {
          "output_state": {
            "Name": "minecraft:mossy_cobblestone"
          },
          "input_predicate": {
            "block": "minecraft:cobblestone",
            "probability": 0.8,
            "predicate_type": "minecraft:random_block_match"
          },
          "location_predicate": {
            "predicate_type": "minecraft:always_true"
          }
        },
        {
          "output_state": {
            "Name": "minecraft:cobweb"
          },
          "input_predicate": {
            "block": "minecraft:glass_pane",
            "probability": 0.5,
            "predicate_type": "minecraft:random_block_match"
          },
          "location_predicate": {
            "predicate_type": "minecraft:always_true"
          }
        },
        {
          "output_state": {
            "Name": "minecraft:cobweb"
          },
          "input_predicate": {
            "block": "minecraft:cobblestone",
            "probability": 0.07,
            "predicate_type": "minecraft:random_block_match"
          },
          "location_predicate": {
            "predicate_type": "minecraft:always_true"
          }
        },
        {
          "output_state": {
            "Name": "minecraft:cobweb"
          },
          "input_predicate": {
            "block": "minecraft:mossy_cobblestone",
            "probability": 0.07,
            "predicate_type": "minecraft:random_block_match"
          },
          "location_predicate": {
            "predicate_type": "minecraft:always_true"
          }
        },
        {
          "output_state": {
            "Name": "minecraft:cobweb"
          },
          "input_predicate": {
            "block": "minecraft:hay_block",
            "probability": 0.04,
            "predicate_type": "minecraft:random_block_match"
          },
          "location_predicate": {
            "predicate_type": "minecraft:always_true"
          }
        },
        {
          "output_state": {
            "Name": "minecraft:cobweb"
          },
          "input_predicate": {
            "block": "minecraft:jungle_log",
            "probability": 0.025,
            "predicate_type": "minecraft:random_block_match"
          },
          "location_predicate": {
            "predicate_type": "minecraft:always_true"
          }
        },
        {
          "output_state": {
            "Name": "minecraft:cobweb"
          },
          "input_predicate": {
            "block": "minecraft:jungle_stairs",
            "probability": 0.02,
            "predicate_type": "minecraft:random_block_match"
          },
          "location_predicate": {
            "predicate_type": "minecraft:always_true"
          }
        },
        {
          "output_state": {
            "Name": "minecraft:cobweb"
          },
          "input_predicate": {
            "block": "minecraft:bamboo_fence",
            "probability": 0.02,
            "predicate_type": "minecraft:random_block_match" 
          },
          "location_predicate": {
            "predicate_type": "minecraft:always_true"
          }
        },
        {
          "output_state": {
            "Name": "minecraft:cobweb"
          },
          "input_predicate": {
            "block": "minecraft:bamboo_stairs",
            "probability": 0.02,
            "predicate_type": "minecraft:random_block_match"
          },
          "location_predicate": {
            "predicate_type": "minecraft:always_true"
          }
        },
        {
          "output_state": {
            "Name": "minecraft:cobweb"
          },
          "input_predicate": {
            "block": "minecraft:bamboo_planks",
            "probability": 0.01,
            "predicate_type": "minecraft:random_block_match"
          },
          "location_predicate": {
            "predicate_type": "minecraft:always_true"
          }
        },
        {
          "output_state": {
            "Name": "minecraft:cobweb"
          },
          "input_predicate": {
            "block": "minecraft:jungle_planks",
            "probability": 0.01,
            "predicate_type": "minecraft:random_block_match"
          },
          "location_predicate": {
            "predicate_type": "minecraft:always_true"
          }
        },
        {
          "output_state": {
            "Properties": {
              "west": "false",
              "waterlogged": "false",
              "south": "true",
              "north": "true",
              "east": "false"
            },
            "Name": "minecraft:brown_stained_glass_pane"
          },
          "input_predicate": {
            "block_state": {
              "Properties": {
                "west": "false",
                "waterlogged": "false",
                "south": "true",
                "north": "true",
                "east": "false"
              },
              "Name": "minecraft:glass_pane"
            },
            "predicate_type": "minecraft:blockstate_match"
          },
          "location_predicate": {
            "predicate_type": "minecraft:always_true"
          }
        },
        {
          "output_state": {
            "Properties": {
              "west": "true",
              "waterlogged": "false",
              "south": "false",
              "north": "false",
              "east": "true"
            },
            "Name": "minecraft:brown_stained_glass_pane"
          },
          "input_predicate": {
            "block_state": {
              "Properties": {
                "west": "true",
                "waterlogged": "false",
                "south": "false",
                "north": "false",
                "east": "true"
              },
              "Name": "minecraft:glass_pane"
            },
            "predicate_type": "minecraft:blockstate_match"
          },
          "location_predicate": {
            "predicate_type": "minecraft:always_true"
          }
        },
        {
          "output_state": {
            "Properties": {
              "age": "0"
            },
            "Name": "minecraft:carrots"
          },
          "input_predicate": {
            "block": "minecraft:wheat",
            "probability": 0.3,
            "predicate_type": "minecraft:random_block_match"
          },
          "location_predicate": {
            "predicate_type": "minecraft:always_true"
          }
        },
        {
          "output_state": {
            "Properties": {
              "age": "0"
            },
            "Name": "minecraft:potatoes"
          },
          "input_predicate": {
            "block": "minecraft:wheat",
            "probability": 0.2,
            "predicate_type": "minecraft:random_block_match"
          },
          "location_predicate": {
            "predicate_type": "minecraft:always_true"
          }
        },
        {
          "output_state": {
            "Properties": {
              "age": "0"
            },
            "Name": "minecraft:beetroots"
          },
          "input_predicate": {
            "block": "minecraft:wheat",
            "probability": 0.1,
            "predicate_type": "minecraft:random_block_match"
          },
          "location_predicate": {
            "predicate_type": "minecraft:always_true"
          }
        }
      ],
      "processor_type": "minecraft:rule"
    }
  ]
}