{
    "name": "custom_villages:custom_villages/village_jungle/terminators",
    "fallback": "minecraft:empty",
    "elements": [
      {
        "weight": 1,
        "element": {
          "location": "custom_villages:terminators/terminator_1",
          "processors": "custom_villages:street_jungle",
          "projection": "terrain_matching",
          "element_type": "minecraft:legacy_single_pool_element"
        }
      },
      {
        "weight": 1,
        "element": {
          "location": "custom_villages:terminators/terminator_2",
          "processors": "custom_villages:street_jungle",
          "projection": "terrain_matching",
          "element_type": "minecraft:legacy_single_pool_element"
        }
      },
      {
        "weight": 1,
        "element": {
          "location": "custom_villages:terminators/terminator_3",
          "processors": "custom_villages:street_jungle",
          "projection": "terrain_matching",
          "element_type": "minecraft:legacy_single_pool_element"
        }
      },
      {
        "weight": 1,
        "element": {
          "location": "custom_villages:terminators/terminator_4",
          "processors": "custom_villages:street_jungle",
          "projection": "terrain_matching",
          "element_type": "minecraft:legacy_single_pool_element"
        }
      }
    ]
  }