{
  "name": "custom_villages:custom_villages/village_jungle/zombie/house_plants",
  "fallback": "minecraft:empty",
  "elements": [
    {
      "weight": 16,
      "element": {
        "location": "custom_villages:village_jungle/zombie/house_plants/potted_jungle_sapling",
        "processors": "custom_villages:zombie_jungle",
        "projection": "rigid",
        "element_type": "minecraft:single_pool_element"
      }
    },
    {
      "weight": 16,
      "element": {
        "location": "custom_villages:village_jungle/zombie/house_plants/potted_oak_sapling",
        "processors": "custom_villages:zombie_jungle",
        "projection": "rigid",
        "element_type": "minecraft:single_pool_element"
      }
    },
    {
      "weight": 16,
      "element": {
        "location": "custom_villages:village_jungle/zombie/house_plants/potted_fern",
        "processors": "custom_villages:zombie_jungle",
        "projection": "rigid",
        "element_type": "minecraft:single_pool_element"
      }
    },
    {
      "weight": 16,
      "element": {
        "location": "custom_villages:village_jungle/zombie/house_plants/potted_bamboo",
        "processors": "custom_villages:zombie_jungle",
        "projection": "rigid",
        "element_type": "minecraft:single_pool_element"
      }
    },
    {
      "weight": 2,
      "element": {
        "location": "custom_villages:village_jungle/zombie/house_plants/potted_dandelion",
        "processors": "custom_villages:zombie_jungle",
        "projection": "rigid",
        "element_type": "minecraft:single_pool_element"
      }
    },
    {
      "weight": 2,
      "element": {
        "location": "custom_villages:village_jungle/zombie/house_plants/potted_poppy",
        "processors": "custom_villages:zombie_jungle",
        "projection": "rigid",
        "element_type": "minecraft:single_pool_element"
      }
    }
  ]
}