{
  "name": "custom_villages:custom_villages/village_jungle/zombie/streets",
  "fallback": "custom_villages:custom_villages/village_jungle/terminators",
  "elements": [
    {
      "weight": 7,
      "element": {
        "location": "custom_villages:village_jungle/zombie/streets/straight_1",
        "processors": "custom_villages:street_jungle",
        "projection": "terrain_matching",
        "element_type": "minecraft:legacy_single_pool_element"
      }
    },
	{
      "weight": 7,
      "element": {
        "location": "custom_villages:village_jungle/zombie/streets/straight_2",
        "processors": "custom_villages:street_jungle",
        "projection": "terrain_matching",
        "element_type": "minecraft:legacy_single_pool_element"
      }
    },
    {
      "weight": 6,
      "element": {
        "location": "custom_villages:village_jungle/zombie/streets/straight_3",
        "processors": "custom_villages:street_jungle",
        "projection": "terrain_matching",
        "element_type": "minecraft:legacy_single_pool_element"
      }
    },
	{
      "weight": 5,
      "element": {
        "location": "custom_villages:village_jungle/zombie/streets/straight_4",
        "processors": "custom_villages:street_jungle",
        "projection": "terrain_matching",
        "element_type": "minecraft:legacy_single_pool_element"
      }
    },
	{
      "weight": 7,
      "element": {
        "location": "custom_villages:village_jungle/zombie/streets/straight_5",
        "processors": "custom_villages:street_jungle",
        "projection": "terrain_matching",
        "element_type": "minecraft:legacy_single_pool_element"
      }
    },
	{
      "weight": 6,
      "element": {
        "location": "custom_villages:village_jungle/zombie/streets/straight_6",
        "processors": "custom_villages:street_jungle",
        "projection": "terrain_matching",
        "element_type": "minecraft:legacy_single_pool_element"
      }
    },
  {
      "weight": 4,
      "element": {
        "location": "custom_villages:village_jungle/zombie/streets/corner_1",
        "processors": "custom_villages:street_jungle",
        "projection": "terrain_matching",
        "element_type": "minecraft:legacy_single_pool_element"
      }
    },
  {
      "weight": 4,
      "element": {
        "location": "custom_villages:village_jungle/zombie/streets/corner_2",
        "processors": "custom_villages:street_jungle",
        "projection": "terrain_matching",
        "element_type": "minecraft:legacy_single_pool_element"
      }
    },
  {
      "weight": 4,
      "element": {
        "location": "custom_villages:village_jungle/zombie/streets/corner_3",
        "processors": "custom_villages:street_jungle",
        "projection": "terrain_matching",
        "element_type": "minecraft:legacy_single_pool_element"
      }
    },
	{
      "weight": 2,
      "element": {
        "location": "custom_villages:village_jungle/zombie/streets/crossroad_1",
        "processors": "custom_villages:street_jungle",
        "projection": "terrain_matching",
        "element_type": "minecraft:legacy_single_pool_element"
      }
    },
  {
      "weight": 1,
      "element": {
        "location": "custom_villages:village_jungle/zombie/streets/crossroad_2",
        "processors": "custom_villages:street_jungle",
        "projection": "terrain_matching",
        "element_type": "minecraft:legacy_single_pool_element"
      }
    },
  {
      "weight": 1,
      "element": {
        "location": "custom_villages:village_jungle/zombie/streets/crossroad_3",
        "processors": "custom_villages:street_jungle",
        "projection": "terrain_matching",
        "element_type": "minecraft:legacy_single_pool_element"
      }
    },
  {
      "weight": 1,
      "element": {
        "location": "custom_villages:village_jungle/zombie/streets/crossroad_4",
        "processors": "custom_villages:street_jungle",
        "projection": "terrain_matching",
        "element_type": "minecraft:legacy_single_pool_element"
      }
    },
  {
      "weight": 1,
      "element": {
        "location": "custom_villages:village_jungle/zombie/streets/crossroad_5",
        "processors": "custom_villages:street_jungle",
        "projection": "terrain_matching",
        "element_type": "minecraft:legacy_single_pool_element"
      }
    },
  {
      "weight": 1,
      "element": {
        "location": "custom_villages:village_jungle/zombie/streets/crossroad_6",
        "processors": "custom_villages:street_jungle",
        "projection": "terrain_matching",
        "element_type": "minecraft:legacy_single_pool_element"
      }
    },
  {
      "weight": 2,
      "element": {
        "location": "custom_villages:village_jungle/zombie/streets/turn_1",
        "processors": "custom_villages:street_jungle",
        "projection": "terrain_matching",
        "element_type": "minecraft:legacy_single_pool_element"
      }
    }
  ]
}