{
    "type": "minecraft:jigsaw",
    "start_pool": "custom_villages:custom_villages/village_jungle/village_centers",
    "size": 7,
    "biomes": "#custom_villages:has_structure/village_jungle",
    "adapt_noise": true,
    "spawn_overrides": {},
    "max_distance_from_center": 80,
    "step": "surface_structures",
    "start_height": {
      "absolute": 0
    },
    "project_start_to_heightmap": "WORLD_SURFACE_WG",
    "terrain_adaptation": "beard_box",
    "use_expansion_hack": true
}